<?xml version="1.0" encoding="ISO-8859-1"?>
<!-- keys from theiphonewiki.com -->
<!-- coded for iDecrypt by bennyyboi <twitter.com/bennyyboi> -->
<iDecrypt>
    <DeviceKey>
	   <rootfs>018-6482-014.dmg</rootfs>
	   <key>BF5EB72CD65E9C37CF9920707CB6B4F7ECC10B38CFEC6B167002AC9FD6A3AB6643E45005</key>
	</DeviceKey>
	<DeviceKey>
	   <rootfs>018-6028-014.dmg</rootfs>
	   <key>A8A886D56011D2D98B190D0A498F6FCAC719467047639CD601FD53A4A1D93C24E1B2DDC6</key>
	</DeviceKey>
	<DeviceKey>
	   <rootfs>018-5536-600.dmg</rootfs>
	   <key>09e054a8dd6c11c7f41ad9e614a8d564aa7d0c653585f29c0b07d1f0a1e1dc0040624a16</key>
	</DeviceKey>
	<DeviceKey>
	   <rootfs>018-8227-001.dmg</rootfs>
	   <key>38A4937108C1C271C82013DFF870BAB10793292AB594AE7878175CF2BFB6BB9633419FF9</key>
	</DeviceKey>
	<DeviceKey>
	   <rootfs>018-6029-014.dmg</rootfs>
	   <key>47D76295817F74953F8E557B4917FE2201E9778A9900E43FBF311A83F176FE521B996A4B</key>
	</DeviceKey>
	<DeviceKey>
	   <rootfs>018-6483-022.dmg</rootfs>
	   <key>9B3FD35BAD7D5307D85CE4B38B8E56BD680EF5A72A8F3B615F8D4F16C14BDCF3C3B24C6C</key>
	</DeviceKey>
	<DeviceKey>
	   <rootfs>018-5534-582.dmg</rootfs>
	   <key>5d79765bc3233cbee58727c17a9487e5dc1e38400c2a98c30997bb02d00e97ae3ce5fab8</key>
	</DeviceKey>
	<DeviceKey>
	   <rootfs>018-8228-001.dmg</rootfs>
	   <key>5d9385452d9ce0fe0185dfc59a7cbb1015d086ce53ff769e78dd45bc6e4eeb48c60e2952</key>
	</DeviceKey>
	<DeviceKey>
	   <rootfs>018-8378-002.dmg</rootfs>
	   <key>812288d52a0845a41c3cd61e6b5a0f85731ce3fc04aa631895d40ca77d8f325ff02c70e9</key>
	</DeviceKey>
	<DeviceKey>
	   <rootfs>018-7061-122.dmg</rootfs>
	   <key>01155a88dc41d6bdb6ba368719853e7e68fb0076dbfaafe8e0801256c724b103f2e271ca</key>
	</DeviceKey>
	<DeviceKey>
	   <rootfs>018-7063-114.dmg</rootfs>
	   <key>2ab6aea67470994ec3453791ac75f6497c081edd1991e560a61dd666ac4b73f43c781739</key>
	</DeviceKey>
	<DeviceKey>
	   <rootfs>018-6132-014.dmg</rootfs>
	   <key>C382A5CEFA91B7163AD6F80BF82F9894BC3C185BCB9138AD53C1D7414FC7C20FD95D444B</key>
	</DeviceKey>
	<DeviceKey>
	   <rootfs>018-6539-012.dmg</rootfs>
	   <key>467E695041D01E3F58886314BFE70C9B89A7F0C09D6622931F57D1CFA1F7ABD9C307563A</key>
	</DeviceKey>
	<DeviceKey>
	   <rootfs>018-6133-014.dmg</rootfs>
	   <key>FC68C25F1DCC929F37C2BE82B94E4C92B48EAC3DDD67ADEFD462404663265E3DCA43A930</key>
	</DeviceKey>
	<DeviceKey>
	   <rootfs>018-6481-015.dmg</rootfs>
	   <key>2360D83B606481A5CA080FE7A6FC64F8D5A5556413DFCF3E1277FE564734EE0B188798B8</key>
	</DeviceKey>
	<DeviceKey>
	   <rootfs>018-5533-585.dmg</rootfs>
	   <key>fcada08311f553b2d7194c97922e01c821b632bf62e64500056ea37e56343e6131a9839b</key>
	</DeviceKey>
	<DeviceKey>
	   <rootfs>018-8106-012.dmg</rootfs>
	   <key>4e164b7c39c8e0234787f7b9ae204adf1e3a66d472f1dce1db41e42ba87d1ff5722a7689</key>
	</DeviceKey>
	<DeviceKey>
	   <rootfs>018-7116-114.dmg</rootfs>
	   <key>69e2ca7a250765c95a703081d1195e681fbe82f31162b79fd2b70754629b0352694b9eda</key>
	</DeviceKey>
	<DeviceKey>
	   <rootfs>018-7062-093.dmg</rootfs>
	   <key>e7de54b25167afc66e381ade1d5e25c6392757497cfd92826a3111772731ba0b70742b90</key>
	</DeviceKey>
	<DeviceKey>
	   <rootfs>018-8609-066.dmg</rootfs>
	   <key>31c700a852f1877c88efc05bc5c63e8c7f081c4cb28d024ed7f9b0dbc98c7e1406e499c6</key>
	</DeviceKey>
	<DeviceKey>
	   <rootfs>018-7741-160.dmg</rootfs>
	   <key>9e724a5712486a6609c9a1fe3e4addd8abe41957428532a6d0733cff92de877c1efcef1b</key>
	</DeviceKey>
</iDecrypt>